ORF,X..of.Variants.Var1,X..of.Variants.Freq
FLO9,FLO9,32
FLO1,FLO1,10
YHL048C-A,YHL048C-A,9
PKC1,PKC1,5
CTR9,CTR9,3
HSM3,HSM3,3
MTM1,MTM1,3
"YBL100W-A, YBL100W-B","YBL100W-A, YBL100W-B",3
YGK3,YGK3,3
YHL050C,YHL050C,3
CSS1,CSS1,2
GAL2,GAL2,2
HFA1,HFA1,2
NUM1,NUM1,2
PYC1,PYC1,2
SSA1,SSA1,2
YCR024C-B,YCR024C-B,2
APC1,APC1,1
ASG1,ASG1,1
BUD5,BUD5,1
CAN1,CAN1,1
DOP1,DOP1,1
DPB2,DPB2,1
EBS1,EBS1,1
ESC1,ESC1,1
GPB2,GPB2,1
GPI1,GPI1,1
HIS3,HIS3,1
KEL1,KEL1,1
KRE33,KRE33,1
KRE5,KRE5,1
MDL1,MDL1,1
MEH1,MEH1,1
MKK1,MKK1,1
MNN1,MNN1,1
NAB6,NAB6,1
ORM2,ORM2,1
PFK2,PFK2,1
PKH1,PKH1,1
PMP1,PMP1,1
POS5,POS5,1
PPX1,PPX1,1
RDH54,RDH54,1
RRG8,RRG8,1
RSC30,RSC30,1
RTP1,RTP1,1
SAC7,SAC7,1
SAL1,SAL1,1
SCH9,SCH9,1
SEC1,SEC1,1
SHC1,SHC1,1
SRD1,SRD1,1
SST2,SST2,1
TAX4,TAX4,1
TOH1,TOH1,1
TRP4,TRP4,1
VID28,VID28,1
YDR210C-D,YDR210C-D,1
YFL066C,YFL066C,1
YHL041W,YHL041W,1
YLL067C,YLL067C,1
YLR157W-D,YLR157W-D,1
YLR302C,YLR302C,1
YMR027W,YMR027W,1
YMR317W,YMR317W,1
"YNL054W-A, YNL054W-B","YNL054W-A, YNL054W-B",1
